{
	"id": "7db47b96-c89d-f3c9-18c3-42ea7f347a42",
	"name": "Brasucas",
	"description": "",
	"order": [
		"bd2cf40f-6732-6109-5493-a38b189155d0",
		"3c962144-7cb2-b268-f1f6-7f6a65d4102e",
		"f1a11df7-855e-61ab-e63c-05f70807fb8e",
		"417cf3c7-63fa-ee06-ee56-355e43775123",
		"7bff5594-ce3a-16a7-2c13-485a234f7552"
	],
	"folders": [],
	"timestamp": 1474823961580,
	"owner": "1019072",
	"public": false,
	"published": false,
	"requests": [
		{
			"id": "3c962144-7cb2-b268-f1f6-7f6a65d4102e",
			"headers": "",
			"url": "http://localhost:3000/personalities",
			"pathVariables": {},
			"preRequestScript": null,
			"method": "GET",
			"collectionId": "7db47b96-c89d-f3c9-18c3-42ea7f347a42",
			"data": null,
			"dataMode": "params",
			"name": "http://localhost:3000/personalities",
			"description": "READ Personalidades",
			"descriptionFormat": "html",
			"time": 1474824084911,
			"version": 2,
			"responses": [],
			"tests": null,
			"currentHelper": "normal",
			"helperAttributes": {}
		},
		{
			"id": "417cf3c7-63fa-ee06-ee56-355e43775123",
			"headers": "",
			"url": "http://localhost:3000/uf/rio-de-janeiro/personalities",
			"pathVariables": {},
			"preRequestScript": null,
			"method": "GET",
			"collectionId": "7db47b96-c89d-f3c9-18c3-42ea7f347a42",
			"data": null,
			"dataMode": "params",
			"name": "http://localhost:3000/uf/rio-de-janeiro/personalities",
			"description": "READ Personalidades do estado do RJ",
			"descriptionFormat": "html",
			"time": 1474824315594,
			"version": 2,
			"responses": [],
			"tests": null,
			"currentHelper": "normal",
			"helperAttributes": {}
		},
		{
			"id": "7bff5594-ce3a-16a7-2c13-485a234f7552",
			"headers": "",
			"url": "http://localhost:3000/uf/minas-gerais",
			"pathVariables": {},
			"preRequestScript": null,
			"method": "GET",
			"collectionId": "7db47b96-c89d-f3c9-18c3-42ea7f347a42",
			"data": null,
			"dataMode": "params",
			"name": "http://localhost:3000/uf/minas-gerais",
			"description": "READ UF - estado de Mg",
			"descriptionFormat": "html",
			"time": 1474824423874,
			"version": 2,
			"responses": [],
			"tests": null,
			"currentHelper": "normal",
			"helperAttributes": {}
		},
		{
			"id": "bd2cf40f-6732-6109-5493-a38b189155d0",
			"headers": "Content-Type: application/json\n",
			"url": "http://localhost:3000/personality",
			"pathVariables": {},
			"preRequestScript": null,
			"method": "POST",
			"collectionId": "7db47b96-c89d-f3c9-18c3-42ea7f347a42",
			"data": [],
			"dataMode": "raw",
			"name": "http://localhost:3000/personality",
			"description": "CREATE Personalidade",
			"descriptionFormat": "html",
			"time": 1474823961580,
			"version": 2,
			"responses": [],
			"tests": null,
			"currentHelper": "normal",
			"helperAttributes": {},
			"rawModeData": "{\n\t\"slug\": \"pixinguinha\",\n\t\"name\": \"Pixinguinha\",\n\t\"fullName\": \"Alfredo da Rocha Vianna Filho\",\n\t\"birth\": \"23/03/1897\",\n\t\"cityId\": 6861,\n\t\"knowledges\": [{\n\t\t\"id\": 7,\n\t\t\"area\": \"Música\"\n\t}],\n\t\"achievements\": [\n\t\t\"considerado um dos maiores compositores da música popular brasileira\"\n\t],\n\t\"awards\": [{\n\t\t\"id\": 16,\n\t\t\"name\": \"Ordem Comendador do Clube de Jazz e Bossa\"\n\t}, {\n\t\t\"id\": 17,\n\t\t\"name\": \"Diploma da Ordem do Mérito do Trabalho\"\n\t}],\n\t\"photoUrl\": \"https://barulhodeagua.files.wordpress.com/2015/04/964_card_hl.jpg\"\n}"
		},
		{
			"id": "f1a11df7-855e-61ab-e63c-05f70807fb8e",
			"headers": "",
			"url": "http://localhost:3000/ufs",
			"pathVariables": {},
			"preRequestScript": null,
			"method": "GET",
			"collectionId": "7db47b96-c89d-f3c9-18c3-42ea7f347a42",
			"data": null,
			"dataMode": "params",
			"name": "http://localhost:3000/ufs",
			"description": "READ UFs",
			"descriptionFormat": "html",
			"time": 1474824214108,
			"version": 2,
			"responses": [],
			"tests": null,
			"currentHelper": "normal",
			"helperAttributes": {}
		}
	]
}